id,category,text,source,date
1,Legal,"This Agreement is made and entered into as of January 1, 2024, by and between ABC Corporation, a Delaware corporation with its principal place of business at 123 Main Street, Anytown, USA ('Company') and XYZ Inc., a California corporation ('Vendor'). The Company desires to engage the Vendor to provide certain consulting services as described herein.",contract_docs,2024-01-15
2,Medical,"PATIENT INFORMATION: John Doe, Male, 45 years old. CHIEF COMPLAINT: Patient presents with persistent cough and shortness of breath for two weeks. HISTORY OF PRESENT ILLNESS: The patient reports developing dry cough approximately two weeks ago, which has progressively worsened.",medical_reports,2024-02-10
3,Financial,"Q4 2023 EARNINGS REPORT: Revenue increased by 15% year-over-year to $50 million. Net income rose by 22% to $8 million. The company exceeded analyst expectations for the fourth consecutive quarter. Key drivers included strong performance in our software division and expanded market share in Asia-Pacific region.",financial_reports,2024-01-25
4,Academic,"ABSTRACT: This study investigates the impact of climate change on coastal ecosystems using remote sensing data from 2010-2023. Our analysis reveals a 30% reduction in mangrove coverage and significant changes in biodiversity indices. METHODOLOGY: We employed Landsat 8 imagery and machine learning algorithms for land cover classification.",research_papers,2024-03-05
5,Technical,"SYSTEM REQUIREMENTS: Operating System: Windows 10/11 or macOS 11+. Processor: Intel Core i5 or equivalent. Memory: 8GB RAM minimum. Storage: 500MB available space. INSTALLATION: Download the installer from our website and follow the on-screen instructions. For enterprise deployment, contact our support team.",technical_docs,2024-02-15
6,Legal,"NOTICE OF TERMINATION: Pursuant to Section 5.2 of the Employment Agreement dated June 15, 2022, this letter serves as formal notice of termination of your employment with Tech Innovations Inc., effective 30 days from receipt of this notice. The termination is based on organizational restructuring as outlined in our previous communications.",legal_notices,2024-01-30
7,Medical,"LABORATORY RESULTS: Complete Blood Count: WBC 7.2 (normal), RBC 4.5 (normal), Hemoglobin 14.2 g/dL (normal). Lipid Panel: Total Cholesterol 185 mg/dL, LDL 110 mg/dL, HDL 45 mg/dL. IMPRESSION: Normal CBC, borderline high LDL cholesterol. RECOMMENDATION: Dietary modifications and follow-up in 6 months.",medical_reports,2024-02-20
8,Financial,"INVOICE #2024-00123: Customer: Global Solutions Inc. Date: March 10, 2024. DESCRIPTION: Software licensing fee for Q2 2024 - Enterprise Package. AMOUNT: $25,000. TERMS: Net 30 days. Please remit payment to the address above. For questions regarding this invoice, contact accounts@company.com.",invoices,2024-03-10
9,Academic,"LITERATURE REVIEW: Previous studies on machine learning applications in healthcare have focused primarily on diagnostic imaging. However, limited research exists on predictive modeling for patient readmission rates. This gap presents an opportunity for novel methodological approaches as explored in this paper.",research_papers,2024-03-01
10,Technical,"TROUBLESHOOTING GUIDE: Issue: Application crashes on startup. Solution: 1. Update graphics drivers to latest version. 2. Disable antivirus temporarily. 3. Reinstall application. If problem persists, collect log files from %appdata%/appname/logs and contact support with the error details.",technical_docs,2024-02-28
11,Legal,"NON-DISCLOSURE AGREEMENT: This Non-Disclosure Agreement (the 'Agreement') is entered into by and between Innovate Corp. ('Disclosing Party') and Consulting Partners LLC ('Receiving Party') for the purpose of preventing the unauthorized disclosure of Confidential Information as defined below.",contract_docs,2024-01-20
12,Medical,"DISCHARGE SUMMARY: Patient admitted for pneumonia, treated with antibiotics and respiratory therapy. Vitals stable at discharge. Discharge medications: Azithromycin 500mg daily for 5 days, Albuterol inhaler as needed. Follow-up appointment scheduled with primary care physician in 7 days.",medical_reports,2024-02-25
13,Financial,"ANNUAL BUDGET PROPOSAL 2024: Department: Marketing. Total Budget Request: $500,000. Allocation: Digital Advertising 40%, Events 25%, Content Creation 20%, Analytics Tools 15%. Expected ROI: 3:1 based on previous year performance. Budget approval required by March 31, 2024.",financial_reports,2024-03-12
14,Academic,"CONCLUSION: Our findings suggest that the proposed algorithm outperforms existing methods by 15% in accuracy while reducing computational complexity by 30%. Future work will explore applications in real-time systems and investigate the algorithm's performance on larger datasets.",research_papers,2024-02-18
15,Technical,"API DOCUMENTATION: Endpoint: /api/v1/users/{id}. Method: GET. Parameters: id (required) - user identifier. Response: JSON object containing user details. Authentication: Bearer token required. Rate Limit: 100 requests per hour per API key. Example response provided in documentation.",technical_docs,2024-03-08
16,Legal,"CEASE AND DESIST LETTER: We represent Bright Solutions Inc. in matters concerning intellectual property. It has come to our attention that your company is using our client's patented technology without authorization. You are hereby directed to cease all use immediately or face legal action.",legal_notices,2024-02-05
17,Medical,"PRESCRIPTION: Patient: Jane Smith. Date: March 15, 2024. Medication: Lisinopril 10mg. Directions: Take one tablet by mouth daily for blood pressure. Refills: 3. Prescriber: Dr. Robert Chen, MD. Pharmacy: Any licensed pharmacy. Dispense as written.",medical_reports,2024-03-15
18,Financial,"EXPENSE REPORT: Employee: Sarah Johnson. Period: March 1-15, 2024. Travel: $1,200 (airfare + hotel). Meals: $450. Client Entertainment: $600. Total: $2,250. Receipts attached. Approval required from department manager before reimbursement processing.",financial_reports,2024-03-16
19,Academic,"DATA COLLECTION: We recruited 250 participants through university mailing lists. Each participant completed a 30-minute survey and cognitive assessment. Data was collected anonymously in compliance with IRB protocol #2023-456. Statistical analysis was performed using R version 4.2.1.",research_papers,2024-02-22
20,Technical,"RELEASE NOTES - VERSION 2.1.0: New Features: Dark mode support, export to PDF, keyboard shortcuts. Improvements: 30% faster loading time, reduced memory usage. Bug Fixes: Fixed crash when opening large files, resolved data sync issues. Known Issues: Printing may be slow on network printers.",technical_docs,2024-03-02
... [continuing to 100 rows with similar diverse examples]